Unnamed: 0,Algorithm,ProofType,TotalCoinsMined,TotalCoinSupply,PC 1,PC 2,PC 3,class,CoinName
42,Scrypt,PoW/PoS,41.99995383,42.0,-0.35123991827125867,1.0909798175255594,-0.5164851144526346,0,42 Coin
404,Scrypt,PoW/PoS,1055184902.04,532000000.0,-0.3345734880097009,1.0911741395126677,-0.5169218761116023,0,404Coin
1337,X13,PoW/PoS,29279424622.5027,314159265359.0,2.313772234169096,1.609639258228955,-0.6982059287693194,0,EliteCoin
BTC,SHA-256,PoW,17927175.0,21000000.0,-0.13347724889274543,-1.3404497816509977,0.14769296362357764,3,Bitcoin
ETH,Ethash,PoW,107684222.6865,0.0,-0.13919612433934855,-1.9956721204635135,0.32540845775712274,3,Ethereum
LTC,Scrypt,PoW,63039243.3000049,84000000.0,-0.18488842844487624,-1.071069956770532,0.027285488244977164,3,Litecoin
DASH,X11,PoW/PoS,9031294.37563393,22000000.0,-0.38435930957310116,1.1893436627043472,-0.48681900486011975,0,Dash
XMR,CryptoNight-V7,PoW,17201143.1449131,0.0,-0.15056411358622743,-2.2470492757693585,0.3824759640029143,3,Monero
ETC,Ethash,PoW,113359703.0,210000000.0,-0.13763688247280878,-1.9957688724690392,0.32539124079438053,3,Ethereum Classic
ZEC,Equihash,PoW,7383056.25,21000000.0,-0.11274152405877538,-2.008953858896549,0.2908524579553019,3,ZCash
BTS,SHA-512,PoS,2741570000.0,3600570502.0,-0.3837677309279688,1.532926801461001,-0.1735392680811979,0,Bitshares
DGB,Multiple,PoW,11406219141.0,21000000000.0,0.16056893397460198,-1.8918026327578517,0.3168282147827156,3,DigiByte
BTCD,SHA-256,PoW/PoS,1288862.0,22000000.0,-0.2986587683497515,0.8215794516381515,-0.39610126717760546,0,BitcoinDark
XPY,SHA-256,PoS,11995334.8847328,12500000.0,-0.24810675632380275,0.6181104003773085,-0.0801770083187613,0,PayCoin
PRC,Scrypt,PoW,5768310.0,21000000.0,-0.18603512216413504,-1.0710643920120861,0.027311643215068206,3,ProsperCoin
KOBO,X15,PoW/PoS,25542535.5881841,350000000.0,-0.21674145558421357,1.8846027315637868,-0.6882967075587526,0,KoboCoin
SPR,X11,PoW,11149733.9976203,20000000.0,-0.2193622855040098,-0.9726912287180074,0.05698078232842444,3,Spreadcoin
ARG,Scrypt,PoW,12205795.4449549,64000000.0,-0.18565139559897087,-1.0710819758870491,0.02730612516723249,3,Argentum
AUR,Scrypt,PoW/PoS,18135099.992959,16768584.0,-0.3508993792931914,1.090979557115818,-0.5164931682259314,0,Aurora Coin
BLU,Scrypt,PoW/PoS,635423900.0,0.0,-0.3434764493589725,1.0912480924862709,-0.5167251339198214,0,BlueCoin
XMY,Multiple,PoW,1688254250.0,2000000000.0,-0.09296351248807501,-1.8869349920523661,0.32186275590315416,3,MyriadCoin
MOON,Scrypt,PoW,88.0,384000000000.0,2.5381341561557886,-1.2523564494871193,-0.0002470135228693482,3,MoonCoin
ZET,SHA-256,PoW,170204389.754849,169795588.0,-0.130561089974513,-1.3404557419409573,0.14762476366443456,3,ZetaCoin
SXC,Scrypt,PoW,128940951.183046,250000000.0,-0.18290552529410642,-1.071120507453422,0.027248680137049886,3,SexCoin
QTL,Scrypt,PoW,7357794.7925,100000000.0,-0.1854552159620459,-1.071101019536794,0.027305372439101253,3,Quatloo
ENRG,Scrypt,PoW/PoS,123062801.128773,0.0,-0.34973636479266074,1.091031774446305,-0.5165315991037228,0,EnergyCoin
QRK,Quark,PoW,259557164.91477,247000000.0,-0.20573758090951674,-0.45433313634561084,0.035558721253954144,3,QuarkCoin
RIC,Groestl,PoW,49548585.1412917,84000000.0,-0.21266595554885867,-1.3074999290564497,0.20417071398787176,3,Riecoin
DGC,Scrypt,PoW,33442988.3440364,48166000.0,-0.18550426270515222,-1.071065533804935,0.027299239731058512,3,Digitalcoin 
BTB,Scrypt,PoW/PoS,42579.476901,500000.0,-0.3512358514745133,1.090979599437538,-0.5164851664058239,0,BitBar
CAT,Scrypt,PoW,7219956.64626131,21000000.0,-0.1860173862640731,-1.071063779129184,0.027311094882715613,3,Catcoin
CBX,Scrypt,PoW/PoS,1039116.65144562,1000000.0,-0.3512201286208962,1.0909797841068407,-0.5164855787175583,0,CryptoBullion
CCN,Scrypt,PoW,4703879.51824446,13140000.0,-0.1861038919741872,-1.071061130438043,0.027312609450467606,3,CannaCoin
CRYPT,X11,PoW,4996986.20575291,18000000.0,-0.21945164795059813,-0.9726928821299048,0.05698324996762143,3,CryptCoin
CSC,Scrypt,PoC,39999997299.8568,40000000000.0,0.5234288163511024,0.31896483168659373,-0.3919725724376679,0,CasinoCoin
DMD,Groestl,PoW/PoS,3304487.74735637,4380000.0,-0.37878117172142206,0.854554868177755,-0.3396065471258747,0,Diamond
XVG,Multiple,PoW,15929530669.1206,16555000000.0,0.18429754262331752,-1.8877942612672796,0.3154386669825293,3,Verge
DVC,SHA-256,PoW,18773857500.0,21000000000.0,0.24451960994410016,-1.3424359613471901,0.1391024536552326,3,DevCoin
EAC,Scrypt,PoW,12539015186.822,13500000000.0,0.0627236386512976,-1.0721367721687243,0.02160996246937757,3,EarthCoin
EFL,Scrypt,PoW,20910478.8062499,21000000.0,-0.18585011846963403,-1.0710579990125313,0.02730592354419214,3,E-Gulden
EMC2,Scrypt,PoW,218871896.499999,299792458.0,-0.18145350308922048,-1.0711060474743948,0.027211136455540345,3,Einsteinium
EMD,Scrypt,PoW,19496786.31025,32000000.0,-0.18578934826834678,-1.071063789347571,0.02730566799379407,3,Emerald
EXCL,PoS,PoS,5679705.0,0.0,-0.3301441445331521,1.5778159123300224,-0.012325836788466256,0,Exclusive Coin
FLT,Scrypt,PoS/PoW/PoT,461829905.32893,0.0,-0.30839355307096034,0.5603334565928505,-0.20182604410007224,0,FlutterCoin
FRK,Scrypt,PoW,1142732.14912776,11235813.0,-0.18616091104524712,-1.0710617349169647,0.027314091283943992,3,Franko
FTC,NeoScrypt,PoW,208669093.00773,336000000.0,-0.1675687820231025,-1.6713718250664904,0.21628221619309074,3,FeatherCoin
GDC,Scrypt,PoW,884125802.0,1420609614.0,-0.16537364554485967,-1.0713543544583988,0.02687940042345545,3,GrandCoin
GLC,Scrypt,PoW,65672720.4708748,70000000.0,-0.1849555798718272,-1.071062235041719,0.0272854983753468,3,GlobalCoin
GLD,Scrypt,PoW,41658647.9999715,72245700.0,-0.18523304582994918,-1.0710734340166685,0.027294408052329758,3,GoldCoin
HBN,Scrypt,PoW/PoS,89266933.684704,120000000.0,-0.34929790380005205,1.0909608497795928,-0.5165274465794503,0,HoboNickels
HYP,X11,PoS,1678520090.7713,0.0,-0.3136293437799455,0.9865808483763775,-0.1715204227676662,0,HyperStake
IFC,Scrypt,PoW,90595753018.6314,90600000000.0,1.5634099039917784,-1.0755828894230681,-0.01340851104872565,3,Infinite Coin
IOC,X11,PoW/PoS,17650913.9743456,22000000.0,-0.3842539969530026,1.1893473018940142,-0.48682226076010715,0,IOCoin
IXC,SHA-256,PoW,21089348.999,21000000.0,-0.13343861414497826,-1.3404484465861706,0.14769176917153543,3,IXcoin
KGC,Scrypt,PoW,151447649.8,265420800.0,-0.18252113647974388,-1.071118285848348,0.027239071795114075,3,KrugerCoin
LKY,Scrypt,PoW,19326319.14375,20000000.0,-0.18587656814699152,-1.071058195708007,0.027306593707791222,3,LuckyCoin
LTB,Scrypt,PoW,1104344.22938102,1350000.0,-0.18623151755431594,-1.071057083693764,0.027314815357615502,3,Litebar 
MAX,SHA3,PoW/PoS,61445805.0,100000000.0,-0.46628053504621636,2.1653361378943057,-0.3331200528387405,0,MaxCoin
MEC,Scrypt,PoW,38151999.9930997,42000000.0,-0.18549047533919824,-1.0710606344881721,0.027297903566617536,3,MegaCoin
MED,HybridScryptHash256,PoW,40431856.9,200000000.0,-0.1451400627199378,-2.2840263063420534,0.40908684935935413,3,MediterraneanCoin
MINT,Scrypt,PoS,21293925445.4969,0.0,-0.040586809449598645,0.8964920221467584,-0.208600875100519,0,MintCoin
MINC,Scrypt,PoW,5804204.88794916,10000000.0,-0.18611272599414666,-1.0710591833810026,0.027312419202726843,3,MinCoin
MZC,SHA-256,PoW/PoS,1613836099.99999,2419200000.0,-0.26194945586808716,0.8211284663837148,-0.39688244038508314,0,MazaCoin
NAUT,Scrypt,PoS,16180000.0,16180000.0,-0.3004388392064828,0.8875009527747101,-0.2005647663290216,0,Nautilus Coin
NAV,X13,PoW/PoS,66087096.2077108,0.0,-0.27203523930982965,1.745630770475711,-0.6646217482078265,0,NavCoin
NOBL,Scrypt,PoW,2366066305.76482,15000000000.0,-0.050925074107187204,-1.0771399763012903,0.025344938117320553,3,NobleCoin
NMC,SHA-256,PoW,14736400.0,21000000.0,-0.13351623308126342,-1.3404511287911205,0.14769416887912235,3,Namecoin
NYAN,Scrypt,PoW,334709223.483138,337000000.0,-0.17977424938828673,-1.0710747080929022,0.027164710429895468,3,NyanCoin
OPAL,X13,PoW/PoS,15156364.3306548,0.0,-0.2726574998117074,1.7456092676018242,-0.6646025100770445,0,OpalCoin
ORB,NeoScrypt,PoW/PoS,3220616.279225,3770000.0,-0.33742133027195875,0.4907350221553038,-0.3274167768744696,0,Orbitcoin
POT,Scrypt,PoW/PoS,222677226.014206,420000000.0,-0.34553949742866347,1.0908755351292978,-0.5165993729009457,0,PotCoin
PXC,Scrypt,PoW/PoS,73959274.625,98000000.0,-0.3496410141898876,1.090964773862955,-0.5165200853051662,0,PhoenixCoin
RDD,Scrypt,PoW/PoS,29315567169.0888,0.0,0.006931245304208914,1.1033568032989767,-0.5275585212817658,0,Reddcoin
RPC,Scrypt,PoW,1104157.42169891,21000000.0,-0.1860921077564728,-1.0710663612098765,0.02731340501141347,3,RonPaulCoin
SBC,Scrypt,PoW,24215181.725,250000000.0,-0.18418504175618672,-1.0711647225065024,0.027288238336486668,3,StableCoin
SMC,Scrypt,PoW,25593737.1355044,51200000.0,-0.18557863762439242,-1.0710702802014904,0.02730198686758164,3,SmartCoin
SUPER,X11,PoS,50707661.7493518,0.0,-0.3335175987041261,0.9858935885612704,-0.17090554708762762,0,SuperCoin
SYNC,X11,PoW/PoS,1177.0,1000.0,-0.38462571524190914,1.189350236683676,-0.48681401488150106,0,SyncCoin
SYS,SHA-256,PoW,563336541.299966,888000000.0,-0.12066239802303627,-1.3406288510459456,0.14742471484066189,3,SysCoin
TES,Multiple,PoS,80260463.7331396,100000000.0,-0.24058640408525275,0.0718418438334784,0.09473369894969384,0,TeslaCoin
TGC,SHA-256,PoW,43536800.0,47011968.0,-0.13297980738499054,-1.3404512504480912,0.14768142300770468,3,TigerCoin
TIT,PHI1612,PoS,1622326490.46336,2300000000.0,-0.31755522187198304,1.5705126776295542,-0.2479115350505656,0,TittieCoin
TOR,X11,PoW/PoS,1431851.00002479,10000000.0,-0.3845372950522767,1.1893461198419866,-0.48681527298939836,0,TorCoin
TRC,SHA-256,PoW,22935396.0,42000000.0,-0.13326706953856624,-1.3404575820064946,0.14768956454620322,3,TerraCoin
UNB,SHA-256,PoW,2278150.0,80000000.0,-0.13324985426618444,-1.3404842445628693,0.1476946399107576,3,UnbreakableCoin
UNO,SHA-256,PoW,200911.79151896,250000.0,-0.13384104080420367,-1.3404474688662185,0.14770114875914994,3,Unobtanium
URO,X11,PoW,1207310.0,0.0,-0.21962565510491655,-0.9726859837093683,0.056985973431706194,3,UroCoin
USDE,Scrypt,PoW/PoS,1098952592.6,1600000000.0,-0.3264615377821981,1.0906883788247483,-0.5170150663037464,0,UnitaryStatus Dollar
UTC,Scrypt,PoW/PoS,50235211.141939,100000000.0,-0.34991668006496796,1.090953813332713,-0.5165112675380584,0,UltraCoin
VIA,Scrypt,PoW,23150892.1679687,23000000.0,-0.1858085560662868,-1.0710579973819998,0.027304933716105605,3,ViaCoin
VRC,Scrypt,PoST,32021108.4136696,0.0,-0.32573592579315874,0.6953344057062649,-0.15641149618124778,0,VeriCoin
VTC,Lyra2REv2,PoW,51173723.8166347,84000000.0,-0.18569336793105304,-1.361264801603466,0.2394053436456151,3,Vertcoin
WDC,Scrypt,PoW,119606941.0,265420800.0,-0.18291015927026363,-1.071131728944894,0.02725109902695431,3,WorldCoin
XC,X11,PoW/PoS,6950831.0970606,5500000.0,-0.38450179179554916,1.1893505745505424,-0.4868170346846347,0,X11 Coin
XCR,Multiple,PoS,100000000.0,0.0,-0.24105470699952966,0.07189739125533685,0.09473342040276185,0,Crypti
XJO,SHA-256,PoW,39195739.362088,45000000.0,-0.13304711994574492,-1.3404521333180555,0.14768320717501182,3,JouleCoin
XST,X13,PoW/PoS,33093725.4123502,0.0,-0.2724383450715791,1.7456168407271064,-0.6646092855794898,0,StealthCoin
ZCC,Scrypt,PoW/PoS,147990237.978331,1000000000.0,-0.3423370444891641,1.0905701645596124,-0.5166127919110814,0,ZCC Coin
BCN,CryptoNight,PoW,184066828814.0,184467440735.0,3.8701588639234945,-2.3546389072330816,0.2767700993044943,3,ByteCoin
XDN,CryptoNight,PoW,6906587610.38292,10000000000.0,0.46784889651226724,-2.3470636314796685,0.3562118028949729,3,DigitalNote 
BURST,Shabal256,PoC,1813033920.0,2158812800.0,-0.30869897603514707,0.24439197955805717,-0.5672160066987291,0,BurstCoin
SJCX,Counterparty,PoS,51173144.0,500000000.0,-0.3170549178815915,1.4671933269404445,-0.09385031558491343,0,StorjCoin
MONA,Scrypt,PoW,68194674.8711679,105120000.0,-0.18467559913277296,-1.0710777516300718,0.027282024948327755,3,MonaCoin
NTRN,SHA-256,PoW/PoS,39121694.0,68000000.0,-0.29787017604515525,0.8215737064258722,-0.39611885956083237,0,Neutron
FAIR,Groestl,PoW/PoS,53193831.0,0.0,-0.3782027097362563,0.854577999326867,-0.3396250775086197,0,FairCoin
NLG,Scrypt,PoW,415032420.0,1680000000.0,-0.16926461236675938,-1.0716748720124007,0.027037973422499636,3,Gulden
RBY,Scrypt,PoS,27184490.3918338,0.0,-0.30041918201341206,0.887513237984559,-0.2005677617185126,0,RubyCoin
PTC,Scrypt,PoW,137517654.41397,166386000.0,-0.18339395847607598,-1.0710774093530726,0.027251442004530745,3,PesetaCoin
KORE,X13,PoW/PoS,2022464.886973,12000000.0,-0.27273282976376206,1.7455980568798657,-0.6645984103155502,0,Kore
WBB,Scrypt,PoW,181919.2435974,2628000.0,-0.18623372043401776,-1.0710580765276454,0.02731507205546816,3,Wild Beast Coin
NOTE,Scrypt,PoS,174646113.934655,500000000.0,-0.2950701470913586,0.8873394289417584,-0.20065935105432162,0,Dnotes
FLO,Scrypt,PoW,152270664.860648,160000000.0,-0.1832590165853655,-1.0710681656064869,0.027246327698446322,3,Flo
8BIT,Scrypt,PoW/PoS,1467841.0,0.0,-0.35122198532327026,1.0909804372477887,-0.5164856688832228,0,8BIT Coin
STV,X13,PoW/PoS,7096834.0,10000000.0,-0.272685021760557,1.7456011435388454,-0.664600183509645,0,Sativa Coin
ABY,Scrypt,PoW,792537250.0,1000000000.0,-0.16947677962222008,-1.0711944388110168,0.02694418635362647,3,ArtByte
FLDC,Stanford Folding,PoW,719416990.0,1000000000.0,-0.12672279782239432,-2.2541836888227307,0.44342977071916173,3,Folding Coin
U,X11,PoS,2689812.0,20000000.0,-0.33396237500455495,0.9858638728173619,-0.1708888447822462,0,Ucoin
UIS,Multiple,PoW,65113302.0,0.0,-0.126984216986766,-1.8866760111539622,0.32261942088789114,3,Unitus
CYP,QuBit,PoW,6365285.0,0.0,-0.16959159539479501,-1.6424109358081127,0.15456205857862904,3,CypherPunkCoin
OMC,Scrypt,PoW,10140044.4430293,3371337.0,-0.1861067804469531,-1.0710542231778732,0.02731125720559231,3,OmniCron
VTR,Scrypt,PoW/PoS,11604722.0,20000000.0,-0.3509562398893953,1.0909752743385865,-0.5164909334389978,0,Vtorrent
GRE,Scrypt,PoW,4610340640.89,10000000000.0,-0.058978834698935605,-1.0738317761970355,0.02485609016259711,3,GreenCoin
XCN,M7 POW,PoW,708506520.0,1840000000.0,-0.10928015429622502,-2.3980989971938538,0.4710690111957876,3,Cryptonite
MSC,Scrypt,PoW,619478.0,619478.0,-0.18624262442345277,-1.0710569434990855,0.027315050941389172,3,MasterCoin
SOON,SHA-256,PoW,12462620.0,21000000.0,-0.1335440136261685,-1.3404520887774154,0.14769502775696286,3,SoonCoin
1CR,Scrypt,PoW,88213.0,92000000000.0,0.4664646260397506,-1.1144932227180693,0.02071181809661705,3,1Credit
ISL,X11,PoW/PoS,1513704.0,0.0,-0.384607242613812,1.1893508757423008,-0.48681458613849077,0,IslaCoin
NXS,SHA3,PoW/nPoS,63657220.0,78000000.0,-0.5471928078114252,2.5785312735771937,0.25051321520647946,0,Nexus
MARS,X11,PoW,32221574.820996,33000000.0,-0.21901260246789445,-0.9726884699651113,0.056971889734769667,3,MarsCoin 
CTO,Lyra2RE,PoW,13742738.0,65789100.0,-0.15004532258432735,-2.2736998900958603,0.2968279324548156,3,Crypto
ACP,SHA-256,PoW,14747200.0002,53760000.0,-0.13328367671457753,-1.3404665913481244,0.14769181338724632,3,Anarchists Prime
DRZ,QUAIT,PoW/PoS,8568038.35935056,5060000.0,-0.3751153744366736,1.9283122216808588,-0.9106892670753879,0,Droidz
BSC,X11,PoW,15863837.5,21000000.0,-0.21929759485989478,-0.972689710565227,0.056978929887117946,3,BowsCoin
SQL,X11,PoS/PoW,329200.01639,0.0,-0.3251677595512623,0.6153605348508435,-0.17701182671221183,0,Squall Coin
SONG,Scrypt,PoW,32565300.0,210240000.0,-0.18436510959522026,-1.0711424250436423,0.02728793808650371,3,Song Coin
ZNY,Scrypt,PoW,75614500.0,250000000.0,-0.18355705616856194,-1.0711430217961844,0.027268823205962748,3,BitZeny
DIGS,Scrypt,PoS,100000000.0,100000000.0,-0.2988200618661033,0.8874967671556677,-0.200602444107963,0,Diggits
EXP,Ethash,PoW,10495278.0,16906397.0,-0.14026361066189116,-1.9957211355695859,0.32544395557270067,3,Expanse
CON,X13,PoW/PoS,23042604.0,50000000.0,-0.27220640934899226,1.745588990449112,-0.6646090778032172,0,Paycon
SC,Blake2b,PoW,33098296530.0,0.0,0.35558905010395964,-2.2230463095160142,0.31667506764194253,3,Siacoin
EMC,SHA-256,PoW/PoS,43059794.804778,1000000000.0,-0.2912097426818648,0.8211353400012644,-0.396187243207768,0,Emercoin
EGC,X15,PoW/PoS,13530556.4180753,26298000.0,-0.2191848040717659,1.8847504909136257,-0.6882689359211408,0,EverGreenCoin
MND,X11,PoW,15867695.0,16000000.0,-0.21933302154156697,-0.9726873482655426,0.05697928731469255,3,MindCoin
I0C,SHA-256,PoW,20997476.8650231,21000000.0,-0.1334397366185437,-1.3404484853744396,0.1476918038745147,3,I0coin
DCR,BLAKE256,PoW/PoS,10365046.9281661,21000000.0,-0.0922836042894429,0.8962192460767961,-0.3878716136691458,0,Decred
RVR,Scrypt,PoW,210000000.0,210000000.0,-0.1821989541236386,-1.0710673990836714,0.02722093267578943,3,Revolution VR
HODL,1GB AES Pattern Search,PoW,11448949.0,81962100.0,-0.1665222187445387,-2.196856873520664,0.36360060801645877,3,HOdlcoin
EDRC,SHA-256,PoW/PoS,3669691.84494672,22000000.0,-0.29862967989334016,0.8215804568207207,-0.39610216649152136,0,EDRCoin
HTC,X11,PoW/PoS,10996318099.0,26550000000.0,-0.06190919562189054,1.1814577013501553,-0.49287334534144006,0,Hitcoin
GAME,Scrypt,PoW,69836100.0,84000000.0,-0.18480538594174664,-1.0710670871484638,0.02728292085956407,3,Gamecredits
DBIC,SHA-256,PoW/PoS,5129014.0,10500000.0,-0.2986934399826457,0.8215865024876349,-0.39610189228840564,0,DubaiCoin
DIEM,SHA-256,PoW,21739971929.0,21626280000.0,0.2852022526889227,-1.3414793607726088,0.13793710698283818,3,CarpeDiemCoin
PWR,NIST5,PoW/PoS,10069449031.9252,0.0,-0.2045884073639644,1.5205669262750499,-0.6881663736950404,0,PWR Coin
BLRY,Scrypt,PoW/PoS,8998743.2411911,42000000.0,-0.3508319943940662,1.0909637871458666,-0.5164915281718547,0,BillaryCoin
GPU,Scrypt,PoS,40477042.0,221052632.0,-0.29868846064447147,0.8874144835687172,-0.20058864921142136,0,GPU Coin
ADZ,X11,PoW,45110324.0,84000000.0,-0.21849329767977757,-0.9727071072004867,0.056963360627319055,3,Adzcoin
SOIL,Dagger,PoW,5702048.0,30000000.0,-0.15573692528864405,-2.2215610680142386,0.4082745788158147,3,SoilCoin
YOC,Scrypt,PoW,636462.55983338,168351300.0,-0.18505239949385746,-1.0711361282596428,0.027303005249769287,3,YoCoin
SIB,X11GOST,PoW,17263355.0,24000000.0,-0.16564035220163364,-2.223363806253628,0.32482631285607044,3,SibCoin
ERC,X11,PoW/PoS,10407269.7881868,384000000.0,-0.3817741942361074,1.1891733310546537,-0.4868455078594127,0,EuropeCoin
ZEIT,Scrypt,PoS,36971236046.8073,99000000000.0,0.8533366028864589,0.8563696708428913,-0.22162860230104392,0,ZeitCoin
SWING,SHA-256,PoW/PoS,4377081.60953993,40000000.0,-0.29849333143814366,0.8215722570637577,-0.3961037256795891,0,SwingCoin
SAFEX,Scrypt,PoC,2147483647.0,2147483647.0,-0.20759949411631046,0.32085502864193355,-0.37495755623585403,0,SafeExchangeCoin
NEBU,PoS,PoS,20000000.0,20000000.0,-0.3298272870653585,1.577812515651548,-0.01233268155058547,0,Nebuchadnezzar
FRN,Scrypt,PoW,6570807.65677618,20000000.0,-0.18603241218627914,-1.071063581064643,0.027311411863532045,3,Francs
BOLI,X11,PoW,13654082.4987998,25000000.0,-0.21929621411201075,-0.9726925320571126,0.05697947747297475,3,BolivarCoin
XRA,X11,PoW/PoS,134554941.15119,75000000.0,-0.38244966680679643,1.1893716354749346,-0.4868702232460119,0,Ratecoin
REV,SHA-256,PoW/PoS,1195525.0,222725000.0,-0.2972358125476066,0.8214846430919497,-0.39611563934650085,0,Revenu
CKC,SHA-256,PoW/PoS,16662820.0,525000000.0,-0.2949022672426659,0.8213484589906864,-0.39614317820062184,0,Clockcoin
VIP,NIST5,PoW/PoS,83450403.0,90000000.0,-0.3259566178972221,1.5163083614784727,-0.6844008095282023,0,VIP Tokens
BSD,X11,PoW/PoS,24387724.5010828,139000000.0,-0.38334160088564223,1.189294906462022,-0.48683320336555175,0,BitSend
OMNI,Scrypt,PoW,616448.0,616448.0,-0.18624268294045745,-1.0710569433477801,0.02731505230339893,3,Omni
LIR,POS 3.0,PoS,38589808.6658096,33500000.0,-0.30663723281249594,1.524769598061662,-0.17788771335463982,0,Let it Ride
PUT,Scrypt,PoW/PoS,813092338.575672,2000000000.0,-0.3271162106736545,1.0903788353964226,-0.516935798716599,0,PutinCoin
IBANK,Scrypt,PoW/PoS,4526324.0,44333333.0,-0.3508700829874567,1.0909607972512507,-0.5164900062786792,0,iBankCoin
FRWC,Scrypt,PoW/PoS,100000000.0,100000000.0,-0.3493086647989511,1.090974823947315,-0.5165300652556858,0,Frankywillcoin
MUDRA,X13,PoS,5000000.0,200000000.0,-0.22087403263833327,1.542032495967166,-0.3486854079396987,0,MudraCoin
PIZZA,X11,PoW,1377917.0,25000000.0,-0.21944620160723974,-0.9726977150346354,0.0569841145647397,3,PizzaCoin
LC,X11,PoS,657000000.0,657000000.0,-0.3214487931419499,0.9858393720443926,-0.1711817201174897,0,Lutetium Coin
KMD,Equihash,dPoW/PoW,115898131.0,200000000.0,-0.10849931900648213,-1.225798093441868,0.09497950128023301,3,Komodo
GB,X11,PoW/PoS,15563873.0,50000000.0,-0.38408084261562636,1.189333200990735,-0.48682348217360777,0,GoldBlocks
CTC,Scrypt,PoW/PoS,43165500.0,90000000.0,-0.35007400386729437,1.0909555498540366,-0.5165078793176402,0,CarterCoin
KRB,CryptoNight,PoW,7822432.72439746,10000000.0,0.31268462207527126,-2.345259658384614,0.3595347339050463,3,Karbo
BXT,SHA-256,PoW/PoS,595429.0,21000000.0,-0.29867433532427684,0.8215796310060542,-0.396100933469333,0,BitTokens
ZYD,SHA-256,PoW,6243840.0,9736000.0,-0.1336999087182102,-1.340449396216677,0.14769818528011294,3,ZayedCoin
MST,X11,PoW/PoS,657636.34549789,3000000.0,-0.38459641757343627,1.1893490979092678,-0.4868144781057598,0,MustangCoin
ZNE,Scrypt,PoW/PoS,2581970.0,21000000.0,-0.35105938313032564,1.0909709928128506,-0.5164875970402278,0,ZoneCoin
COVAL,Multiple,PoW,1000000000.0,1200000000.0,-0.10704826171226357,-1.8868478645319489,0.32218015261288596,3,Circuits of Value
ROOT,Scrypt,PoW/PoS,1939889.0,0.0,-0.35121621794442937,1.0909806365457027,-0.51648584719052,0,RootCoin
DOPE,Scrypt,PoW,116845228.0,200000000.0,-0.18340804630233584,-1.0711020075379447,0.027256837916837508,3,DopeCoin
BTCR,Scrypt,PoS,169598616.0,0.0,-0.2986791974891502,0.8875733650015847,-0.20062155598913567,0,BitCurrency
DLC,SHA-256,PoW,9106714.0,10638298.0,-0.133658529162249,-1.3404486135215874,0.14769703911885465,3,DollarCoin
SCN,Scrypt,PoW/PoW,665200057.0,3100000000.0,-0.2528427367437163,0.4884106524444486,-0.2701945836952635,0,Swiscoin
SH,Scrypt,PoW,11119200.0,30000000.0,-0.1859058933035614,-1.0710663820827473,0.027308976024102875,3,Shilling
BUZZ,SHA-256D,PoW/PoS,19577787259.0,20000000000.0,0.057755919161717344,1.968551565313155,-0.7729563122309093,0,BuzzCoin
XPO,PoS,PoS,74033806.7949683,74000000.0,-0.3287839967083012,1.5778098333913386,-0.012356967764311643,0,Opair
PSB,Scrypt,PoW/PoS,33522957.0,0.0,-0.3508303429526471,1.090993970866713,-0.5164977771033699,0,PesoBit
HALLO,X11,PoW/PoS,264678458.288619,1500000000.0,-0.37074980988710715,1.1887537821662024,-0.48702165710113154,0,Halloween Coin
XZC,Lyra2Z,PoW,7568281.24956067,21400000.0,-0.14682645340846304,-2.314512125062995,0.2657427405016295,3,ZCoin
CFC,PoS,PoS,148716816.0,39999898.0,-0.3281127587397117,1.5778574170502124,-0.012382737450224715,0,CoffeeCoin
ROYAL,X13,PoS,2500124.0,2500124.0,-0.22230579025931996,1.5421246869715939,-0.34867028772263964,0,RoyalCoin
GNJ,X14,PoW/PoS,100000000.0,100000000.0,-0.41831029140334924,1.8787499015985518,-0.7589535571779361,0,GanjaCoin V2
TEAM,PoS,PoS,17818682.1654,301000000.0,-0.3278603097068888,1.577678924989389,-0.012352026917224092,0,TeamUP
LANA,SHA-256D,PoW/PoS,1082162635.53683,7506000000.0,-0.2568615231980391,1.9666415868830727,-0.7650731551598042,0,LanaCoin
ELE,Ethash,PoW,26205539.0,26205539.0,-0.14000569093910495,-1.9957188931654815,0.32543735385172307,3,Elementrem
ZCL,Equihash,PoW,5613550.0,21000000.0,-0.11276314349769968,-2.008954605979268,0.2908531263531701,3,ZClassic
ARK,DPoS,DPoS,108202084.0,125000000.0,3.712613603431384,1.756545883609644,-0.43184542786549435,0,ARK
INSANE,X11,PoW/PoS,18342813.0,30000000.0,-0.3841887853837745,1.1893438169389945,-0.4868230963274918,0,InsaneCoin
KLC,Scrypt,PoW,196297971.0,10000000000.0,-0.11290863907924016,-1.0756953779825345,0.02652341217094316,3,KiloCoin
ATX,X11,PoW,824000000.0,500000000.0,-0.206025573459999,-0.9725746690514315,0.056639290424577646,3,ArtexCoin
EMB,X13,PoW/PoS,92192822723.0,850000000.0,0.8595795411302108,1.7841252174586786,-0.6994819088042676,0,EmberCoin
XEN,X11,PoW/PoS,3853326.77707314,3853326.77707314,-0.38455131917856206,1.1893500442399145,-0.48681574646719245,0,XenixCoin
FRE,PoS,PoS,50000000.0,50000000.0,-0.32924791078032656,1.5778110175774456,-0.012346166797164328,0,FreeCoin
PLNC,Scrypt,PoW/PoS,17089600.0,38540000.0,-0.3507576899600112,1.0909688366770742,-0.5164943359933787,0,PLNCoin
ARCO,Scrypt,PoW/PoS,2449577.41533168,42000000.0,-0.350912010664469,1.090961022098485,-0.5164890543470338,0,AquariusCoin
KURT,X11,PoW,61364813.0,228000000.0,-0.21727305812262343,-0.9727682319074772,0.05694688491972291,3,Kurrent
XCRE,PoS,PoS,20000000.0,20000000.0,-0.3298272870653585,1.577812515651548,-0.01233268155058547,0,Creatio
ENT,X11,PoW/PoS,6069482.07721352,60000000.0,-0.38412589537621356,1.1893244711318995,-0.4868206136144733,0,Eternity
EUC,SHA-256,PoW/PoS,12416554.0,20000000.0,-0.29853700217632484,0.8215850940004138,-0.39610532690113087,0,Eurocoin
BCF,Scrypt,PoW/PoS,20244023.640728,33000000.0,-0.35075845488785135,1.0909727840932397,-0.5164951298736553,0,BitcoinFast
XSN,X11,TPoS,75590369.0,76500000.0,-0.3844233796635535,0.4270258553789646,-0.05879895536791621,0,Stakenet
BCCOIN,Scrypt,PoW/PoS,11080722.3769581,28000000.0,-0.3509058839029457,1.0909712760330936,-0.5164913097234238,0,BitConnect Coin
MONEY,Scrypt,PoW/PoS,10914418.0,650659833.0,-0.34649029223199473,1.0906772268107803,-0.5165359395191772,0,MoneyCoin
XNG,X11,PoW/PoS,814671.0,5000000.0,-0.38458030943379545,1.1893482199406273,-0.4868146809765308,0,Enigma
XCI,CryptoNight,PoW,978145.0,21000000.0,0.3126790424561696,-2.34526774150831,0.35953652966036026,3,Cannabis Industry Coin
RC,Scrypt,PoW/PoS,8377873.0,144000000.0,-0.3501159142904688,1.0909153673259342,-0.5164986148970715,0,Russiacoin
PND,Scrypt,PoS,33813143821.8337,32514916898.0,0.34305586077170175,0.8864262115774644,-0.21566359660518958,0,PandaCoin
UNITS,Scrypt,PoW/PoS,3472983.0,13000000.0,-0.35110525502790135,1.0909751460708064,-0.5164873593882363,0,GameUnits
GAKH,Scrypt,PoW/PoS,3315789.0,3315789.0,-0.3511758827652989,1.0909796519510688,-0.5164866049081649,0,GAKHcoin
ASAFE2,Quark,PoS,10517772.7391666,15000000.0,-0.32492300243093203,1.5042299280575047,-0.19220337921554745,0,Allsafe
LTCR,QuBit,PoW/PoS,30227750.0,78835200.0,-0.33372606299020785,0.5195986481842799,-0.3892530574055244,0,LiteCreed
OS76,Scrypt,PoW,894026.0,2714286.0,-0.1862244078913237,-1.071057816615879,0.027314796877123588,3,OsmiumCoin
BIC,CryptoNight,PoW,9357088.0,25000000.0,0.31280979359182565,-2.3452660924687634,0.35953307756371816,3,Bikercoins
HXX,Lyra2RE,PoW,1876146.443596,9999999.0,-0.15058611640846808,-2.273678560208743,0.2968364192083436,3,HexxCoin
KED,Scrypt,PoW/PoS,23965372.0,500000000.0,-0.3473997342520772,1.0907538685641316,-0.516530055371816,0,Klingon Empire Darsek
IOP,SHA-256,PoW/PoS,2526078.47525448,21000000.0,-0.29865074707279987,0.8215804461231878,-0.39610166273603964,0,Internet of People
KUSH,X11,PoW/PoS,5659096.95728771,9354000.0,-0.3844902307056055,1.1893482095771977,-0.48681682338454424,0,KushCoin
PRX,Scrypt,PoW/PoS,11821728.0,20000000.0,-0.35095358855772407,1.0909753659581738,-0.5164910154089527,0,Printerium
PAC,X11,PoW,536982074.0,100000000000.0,0.49639655855780096,-1.019673201540429,0.04960590108047896,3,PacCoin
IMPCH,Scrypt,PoW/PoS,308179.0,21933333.0,-0.3510805420337959,1.0909695921634721,-0.5164868051500144,0,Impeach
CTL,CryptoNight-V7,PoW,10969318.522954,185000000.0,-0.14932772161632804,-2.247139251664794,0.38246503922513214,3,Citadel
ZBC,Scrypt,PoS,2922613.96424908,55000000.0,-0.300325396364329,0.8874770272773749,-0.2005625449801645,0,Zilbercoin
FRST,Scrypt,PoW/PoS ,110000000.0,110000000.0,-0.358166749926473,0.3969657454147184,-0.19580265620612972,0,FirstCoin
BVC,Scrypt,PoW,3115258.0,3360000.0,-0.18619268817897,-1.0710571836789362,0.027313911500934953,3,BeaverCoin
FIND,X13,PoS,14524851.4827,14524851.4827,-0.22207356219473828,1.5421240865071664,-0.348675692936478,0,FindCoin
VLTC,X11,PoW,30385540.0,1000000000.0,-0.21217439954383197,-0.9731457989179625,0.05690317496679034,3,VaultCoin
ZER,Equihash,PoW,6921653.89980891,17000000.0,-0.11277554042081205,-2.0089521651630413,0.2908529193491422,3,Zero
CHAT,Scrypt,PoW/PoS,1000000000.0,1000000000.0,-0.33192737624799035,1.0909298817242417,-0.5169346226530529,0,OpenChat
CDN,Scrypt,PoW,99843408.3158479,100000000.0,-0.18432524703824507,-1.0710619722580552,0.027270437729490324,3,Canada eCoin
ZOI,Lyra2RE,PoW,18545757.5,21000000.0,-0.15030440836688763,-2.2736767158022935,0.29682933302839154,3,Zoin
RNS,Scrypt,PoS,36050365.0,34426423.0,-0.30006661341384877,0.8875007272506442,-0.20057358165983077,0,RenosCoin
DBIX,Dagger-Hashimoto,PoW,2232901.0,2232901.0,-0.16345901520684206,-2.3472790309877922,0.08086681406942696,3,DubaiCoin
XVP,X11,PoW/PoS,13162749.0858027,100000000.0,-0.38375544090291686,1.189308580529501,-0.4868261640407179,0,VirtacoinPlus
TAJ,Blake2S,PoW/PoS,12184195.9258495,36900000.0,-0.3879769624732426,1.7642932966878122,-0.8846983458164023,0,TajCoin
IMX,X11,PoW/PoS,110630387.850471,110000000.0,-0.3824936550648394,1.1893450098692537,-0.48686369838646965,0,Impact
EB3,Scrypt,PoW,64096052.0,4000000000.0,-0.1570924272174155,-1.0729183881572042,0.027004010579323973,3,EB3coin
ATMOS,PoS,PoS,111135836.889,110290030.0,-0.32807322311056386,1.577808364044682,-0.012373587148913973,0,Atmos
HPC,X11,PoW/PoS,21521322.0099142,100000000.0,-0.38365331769378447,1.1893121095056778,-0.4868293213352063,0,HappyCoin
CXT,NIST5,PoW,10123200.0,48252000.0,-0.16216337474200473,-0.6457396165834307,-0.14056967117054686,3,Coinonat
MCRN,PoS,PoS,401421401.0,400000000.0,-0.3224711544228909,1.57779414015949,-0.012504031581544332,0,MacronCoin
RAIN,X11,PoW/PoS,121665451.643876,500000000.0,-0.3795918737604911,1.1891655365133889,-0.48689585967979193,0,Condensate
IMS,Scrypt,PoW/PoS,5368934.0,21212121.0,-0.3510238276678767,1.0909720693150322,-0.516488664989115,0,Independent Money System
ARGUS,Scrypt,PoW/PoS,1148324.0,28600000.0,-0.3510229789085672,1.0909667993097905,-0.5164876010119854,0,ArgusCoin
LMC,Scrypt,PoW/PoS,500000.0,1000000000.0,-0.3441390478400682,1.0905078944160282,-0.5165570802340113,0,LomoCoin
PROC,SHA-256,PoS,100545745.0,75000000000.0,0.2849936250253536,0.5827436220847039,-0.08559282946324123,0,ProCurrency
XGR,X11,PoW/PoS,17171382.0,40000000.0,-0.3841321500470618,1.189338601020583,-0.48682337161070127,0,GoldReserve
BENJI,Scrypt,PoW,20276099.146524,35520400.0,-0.1857548503938019,-1.071065122424208,0.02730512093943451,3,BenjiRolls
GRW,Scrypt,PoS,295135466.361878,2000000000.0,-0.282955891104823,0.8866820980382165,-0.20081252905412442,0,GrowthCoin
ILC,SHA-256,PoW,1317747500.0,2500000000.0,-0.10000841362462733,-1.3410714202885052,0.14702404580145603,3,ILCoin
PHR,PoS,PoS,11390225.9742772,30000000.0,-0.32986153177088634,1.5778041592765584,-0.01233014713892827,0,Phreak
DEA,Scrypt,PoW/PoS,21358764.0,105000000.0,-0.3502340123454973,1.090939261071664,-0.5165007188852554,0,Degas Coin
HTML5,X15,PoW/PoS,40659020000.0,90000000000.0,0.9157548971733701,1.8594312890360336,-0.7100800453906234,0,HTML5 Coin
USC,SHA-256,PoS,10343113.0,200084200.0,-0.24679607748809293,0.6180211378936288,-0.08018984844172418,0,Ultimate Secure Cash
EQT,Scrypt,PoW,13673406.4325268,72000000.0,-0.18557670655127476,-1.0710851333377145,0.02730499658917199,3,EquiTrader
QTUM,POS 3.0,PoS,100000000.0,100000000.0,-0.30541513487898414,1.5247641284216222,-0.17791568307125705,0,QTUM
QRL,CryptoNight-V7,PoW,69036016.8340164,105000000.0,-0.14918585643119697,-2.247076965260377,0.38244884777135063,3,Quantum Resistant Ledger
ESP,536,PoW/PoS,22801882871.0,50000000000.0,0.6088171963284983,1.864839705539118,-0.7472956613950037,0,Espers
DYN,Argon2d,PoW,19784224.6512734,0.0,-0.12775209327544612,-2.2089467819429753,0.43091792282567243,3,Dynamic
NANO,Blake2b,PoW,133248297.0,340282367.0,-0.04475645026941808,-2.2371247593272217,0.3291025732354463,3,Nano
CHAN,Cloverhash,PoW,18407259.0885883,30000000.0,-0.20022121989968736,-2.384012673559853,0.3832451890678913,3,ChanCoin
DCY,CryptoNight,PoW,1809467143.0,2000000000.0,0.3488152987331926,-2.3454385539367584,0.35871136023420974,3,Dinastycoin
DNR,NIST5,PoW/PoS,4171382.0,10000000.0,-0.32749281256081975,1.5163126607389315,-0.6843651212069825,0,Denarius
DP,X11,PoW,35138975.0,100000000.0,-0.21850160923533876,-0.9727188712355276,0.05696597868683313,3,DigitalPrice
VUC,NIST5,PoW/PoS,62942075.0,120000000.0,-0.325994341276223,1.5162855388687277,-0.6843952161991588,0,Virta Unique Coin
BTPL,Skein,PoW/PoS,6804362.0,100000000.0,-0.38678765836096296,1.8433870323109596,-0.8008794973384263,0,Bitcoin Planet
UNIFY,Scrypt,PoW,18133195.0,19276800.0,-0.18589627640800108,-1.071058357995659,0.027307096297185876,3,Unify
BRIT,X13,PoW/PoS,21268092.0,30000000.0,-0.2723699851941131,1.7455976839371878,-0.6646069719758273,0,BritCoin
SOCC,Scrypt,PoW,5167775.0,75000000.0,-0.18565934220192465,-1.0710901408043918,0.027307994101456234,3,SocialCoin
ARC,X11,PoW,26042364.3735553,60000000.0,-0.21889654012118914,-0.9727038264416136,0.056972285838635735,3,ArcticCoin
DAS,X11,PoW,2622886.0,18900000.0,-0.21947426889963814,-0.9726943093920203,0.056984082140301,3,DAS
LINDA,Scrypt,PoW/PoS,9044930943.24243,50000000000.0,0.11400717926397767,1.0711918624255132,-0.5234905145494821,0,Linda
XLC,CryptoNight,PoW,14161803.0,54000000.0,0.3130742446531863,-2.3452777558178557,0.359529181141445,3,LeviarCoin
ONION,X13,PoW/PoS,21917018.0492836,18898187.6216583,-0.27244082147859544,1.745603199458159,-0.6646064202414363,0,DeepOnion
BTX,Time Travel,PoW,17801865.1605478,21000000.0,-0.13737070439207535,-2.2500108722859777,0.20514433715712763,3,Bitcore
GCN,Scrypt,PoW,163055097500.0,200000000000.0,3.224869270075633,-1.0966421522455143,-0.04863106897369327,3,gCn Coin
SMART,Keccak,PoW,2241009149.22257,5000000000.0,-0.10833948456410243,-1.2044191708774836,0.09677460491732878,3,SmartCash
SIGT,SkunkHash v2 Raptor,PoS,107972766.0,137500000.0,-0.3409815192875145,1.5037605587575142,-0.08579939090601064,0,Signatum
ONX,X11,PoW,122475638.389743,1100000000.0,-0.2103397867019027,-0.9731541320461669,0.05686121196215772,3,Onix
CRM,Skein,PoW/PoS,47331802.4774238,100000000.0,-0.38629250298969947,1.8434041429317853,-0.8008948058205824,0,Cream
BCH,SHA-256,PoW,17995589.6469082,21000000.0,-0.1334764130176072,-1.3404497527664423,0.1476929377812299,3,Bitcoin Cash
XMCC,X11,PoW/PoS,12569262.5359307,9507271.0,-0.3844047163981488,1.1893510546736172,-0.4868194445715885,0,Monoeci
DFT,Scrypt,PoS,18663297.3489799,17405891.19707116,-0.30039980141788786,0.8875014224337231,-0.20056579233883182,0,Draftcoin
VET,VeChainThor Authority,Proof of Authority,55454734800.0,86712634466.0,4.3562182372596,3.4164930016697475,11.130031590764418,1,Vechain
SOJ,Scrypt,PoW,485214.0,10500000000.0,-0.11175365518386288,-1.0760141169221074,0.02656148830789571,3,Sojourn Coin
STCN,PoS,PoS,4000000.0,61599965.0,-0.32972762968754554,1.577786119710384,-0.012329623767998505,0,Stakecoin
NYC,Scrypt,PoW,143006669741.687,0.0,1.560969510292537,-1.0106797243499805,-0.026702763678017202,3,NewYorkCoin
FRAZ,Scrypt,PoW,9704042.0,20000000.0,-0.18599413101687395,-1.0710622582180929,0.027310228342898386,3,FrazCoin
KRONE,Scrypt,PoW,17453749.4042601,84000000.0,-0.1854453820024732,-1.0710892028934618,0.027302707312149368,3,Kronecoin
ACC,Scrypt,PoW,32646731.063036,100000000.0,-0.1851462412900611,-1.071090342588175,0.02729582001671533,3,AdCoin
LINX,Scrypt,PoW,33716526.0,100000000.0,-0.18513317077036015,-1.0710898909224564,0.02729541592169956,3,Linx
XCXT,Scrypt,PoW/PoS,19539588.0,48252000.0,-0.3506588522124797,1.0909652856906504,-0.5164959585280822,0,CoinonatX
ETHD,Scrypt,PoW/PoS,4200000.0,4200000.0,-0.35115880640248665,1.090979607797282,-0.5164870023682768,0,Ethereum Dark
SUMO,CryptoNight,PoW,8946653.0,88888888.0,0.31325805546439234,-2.3452964298834837,0.35952864684932156,3,Sumokoin
ODN,SHA-512,PoS,25000000.0,91388946.0,-0.4418549960429516,1.5334366745979666,-0.17226125631007155,0,Obsidian
ADA,Ouroboros,PoS,25927070538.0,45000000000.0,0.6424260936004086,1.457550668065362,-0.023592596192063595,0,Cardano
REC,X11,PoW/PoS,7262402.04264803,27000000.0,-0.38434544769956164,1.1893405552097671,-0.48681869557882224,0,Regalcoin
BTCZ,Equihash,PoW,5211553258.01514,21000000000.0,0.09968290444334452,-2.0166615701344695,0.2873808717480255,3,BitcoinZ
TZC,NeoScrypt,PoW/PoS,182638400.0,400000000.0,-0.33241808548906876,0.4906236983194952,-0.3275129887592113,0,TrezarCoin
ELM,X11,PoW,2702855668.85288,1800000000.0,-0.1738469362822873,-0.9723951936543561,0.05583627784404948,3,Elements
TER,Scrypt,PoW/PoS,1140734.91680375,15733333.0,-0.35111435757494813,1.0909728708993616,-0.5164866746154356,0,TerraNovaCoin
VIVO,NeoScrypt,PoW,4165967.57499639,27000000.0,-0.17225963788438098,-1.6713122764892125,0.21638164249417785,3,VIVO Coin
RUP,Lyra2REv2,PoS,24000000.0,24000000.0,-0.3009477842953371,0.5973107270472281,0.011547091939423241,0,Rupee
BTG,Equihash,PoW,17202361.088994,21000000.0,-0.11262155394776321,-2.008949713201682,0.29084874889666934,3,Bitcoin Gold
WOMEN,Scrypt,PoW/PoS,48459472454.0,25000000000.0,0.41819633645160686,1.0996359743512216,-0.5365841965842276,0,WomenCoin
MAY,SHA-256,PoW/PoS,92050800.0,100000000.0,-0.2969964674516553,0.8215809447153843,-0.3961411494019465,0,Theresa May Coin
NAMO,NIST5,PoW/PoS,560563220.0,1200000000.0,-0.31225217202300437,1.5159857287759455,-0.6846607023629273,0,NamoCoin
LUX,PHI1612,PoW/PoS,8305775.31777569,60000000.0,-0.4036558432650587,1.7743668780779909,-0.5630687097465163,0,LUXCoin
PIRL,Dagger,PoW,33986980.0,156306732.71,-0.15449522994646536,-2.221608759890565,0.40825482880201824,3,Pirl
XIOS,Scrypt,PoW/PoS,2149688.0,21000000.0,-0.35106466465690817,1.090970810304079,-0.5164874337537928,0,Xios
BTDX,Quark,PoW/PoS,30711550.5294042,200000000.0,-0.37385235118449495,1.7076291658009704,-0.5081519069178008,0,Bitcloud 2.0
EBST,Scrypt,PoW,99990001.493466,100000000.0,-0.1843234559949807,-1.0710619103666492,0.027270382356661023,3,eBoost
KEK,POS 2.0,PoS,12330806.30517,21000000.0,-0.31093698141760673,1.6293545718728426,-0.10356532065695621,0,KekCoin
BLHC,Scrypt,PoW/PoS,16362544.992,14788275.991,-0.3509350857957938,1.0909797437170787,-0.5164923565360154,0,BlackholeCoin
XIN,SHA-256,PoS,8999999990.0,9000000000.0,-0.07452911183420764,0.6176618154087078,-0.0842171540637169,0,Infinity Economics
PURA,X11,PoW,175215859.0,350000000.0,-0.21501649002795908,-0.9727777645508948,0.0568951230318319,3,Pura
INN,NeoScrypt,PoW,6375259.04,45000000.0,-0.17210493952390268,-1.6713198421456696,0.21637951599085134,3,Innova
ELLA,Ethash,PoW,12756367.0,280000000.0,-0.13836939858320013,-1.9958443964320387,0.32542421743630795,3,Ellaism
GBX,NeoScrypt,PoW,5832306.875,31800000.0,-0.1722052240573145,-1.671313839207626,0.21638066853640703,3,GoByte
MAG,X11,PoW/PoS,38198594.8342105,144000000.0,-0.38313738889188204,1.1892983767184278,-0.48683877904801853,0,Magnet
TAU,DPoS,DPoS,288090567.493887,500000000.0,3.71747197731604,1.7564447819118247,-0.4319402937239434,0,Lamden Tau
ECA,NIST5,PoW/PoS,28399150208.0,30000000000.0,0.23220272847427897,1.5141416705950752,-0.6972433833065429,0,Electra
BCD,X13,PoW/PoS,183534024.889807,210000000.0,-0.26911039842293194,1.7455812081976823,-0.6646811847433483,0,Bitcoin Diamond
XSH,Multiple,PoW,481730566.566176,660000000.0,-0.11721153555077812,-1.8868117245875087,0.3224146787364806,3,SHIELD
CNBC,Scrypt,PoW/PoS,110976977.29338,210000000.0,-0.3483941266412923,1.0909275236464546,-0.516542107066228,0,Cash & Back Coin
XUN,CryptoNight,PoW,19281821413.4924,85000000000.0,1.1511539629421794,-2.3772488932889475,0.34615401983627303,3,UltraNote
COAL,CryptoNight,PoW,4500000.0,12500000.0,0.3126617662274572,-2.3452622414459463,0.35953580944949093,3,BitCoal
DAXX,Ethash,PoW,520891780.0,10000000000.0,-0.06320002158963665,-2.0002190069992003,0.32453460698952175,3,DaxxCoin
BWK,NIST5,PoS,13247178.8807286,27716121.0,-0.2767676318656852,1.3128300713474665,-0.3684421998805339,0,Bulwark
KLKS,Quark,PoS,16955764.902064,20000000.0,-0.3248088706441784,1.5042302854964886,-0.19220616993127107,0,Kalkulus
AC3,X11,PoW,80316207.0,550000000.0,-0.21475700067352707,-0.9729122578749998,0.05691661421237531,3,AC3
LTHN,CryptoNight-V7,PoW,441250233.377,999481516.0,-0.1382920910567266,-2.247342132335595,0.3822440476758718,3,Lethean
GER,Scrypt,PoW/PoS,4911500269.41,50000000000.0,0.0635058306522097,1.069446734577852,-0.5219291884709047,0,GermanCoin
LTCU,Scrypt,PoW/PoS,8419402.321,150000000.0,-0.3500728383202286,1.0909125520542828,-0.516499061245603,0,LiteCoin Ultra
POP,Scrypt,PoW,3964201248.87125,4999999999.0,-0.10234703571910433,-1.0717439041646855,0.025459041898366813,3,PopularCoin
PNX,X11,PoW/PoS,45174214.1078625,50000000.0,-0.38371906996796407,1.189345702429594,-0.48683466692579447,0,PhantomX
PHO,BLAKE256,PoW,30089671530.5228,90000000000.0,1.0785837120290198,-1.2956002128786406,0.13810851828644885,3,Photon
SUCR,X11,PoW,4229040.50393462,19800000.0,-0.21944825997037154,-0.9726940561969364,0.05698341084625577,3,Sucre
SPK,NeoScrypt,PoW,7847417.33355824,21000000.0,-0.1722572273134866,-1.6713078893817226,0.21638068255703843,3,SparksPay
WAGE,Quark,PoS,27299680.0,120000000.0,-0.32397301472497597,1.504187439259886,-0.19221725484507088,0,Digiwage
GUN,NeoScrypt,PoW,299797953.0,500000000.0,-0.16529184859037135,-1.6714107806175078,0.2162360225544573,3,GunCoin
IRL,Scrypt,PoW,45483049.3398182,64000000.0,-0.1852448214158291,-1.0710679262834515,0.027293555307368076,3,IrishCoin
TROLL,Scrypt,PoW/PoS,591022748.0,900000000.0,-0.3376336467703965,1.0908044256008607,-0.5167729614567873,0,Trollcoin
LCP,Scrypt,PoW/PoS,2504486.227718,4000000.0,-0.35118094077003176,1.0909789863809094,-0.5164863475642947,0,Litecoin Plus
MONK,X11,PoS,4407252.0,21000000.0,-0.33393429693729126,0.9858641257835838,-0.17088956528999846,0,Monkey Project
PCOIN,X11,PoW,8478104.33969947,23000000.0,-0.21937364260164413,-0.9726937730784265,0.056981576155723565,3,Pioneer Coin
UBTC,SHA-256,PoW,20166000.0,20166000.0,-0.1334558124521582,-1.340448442662716,0.14769217781130237,3,UnitedBitcoin
ITZ,C11,PoW,11916588.09471,23000000.0,-0.1788162735829534,-1.239266438653497,0.12458132019650935,3,Interzone
TPAY,POS 3.0,PoS,20445861.5344251,25000000.0,-0.30691921705562275,1.5247659508568714,-0.17788024971423663,0,TokenPay
MCT,Ethash,PoS,1618033.0,1618033.0,-0.2549772662326015,-0.037158992067651914,0.09757558344988655,0,1717 Masonic Commemorative Token
MBC,Scrypt,PoW and PoS,9399342.52839847,30000000.0,-0.3599854549905008,0.43043880642660787,-0.29907516262770417,0,My Big Coin
TRTL,CryptoNight,PoW,53139835213.77,1000000000000.0,8.056531295276322,-2.794956896695042,0.2676888936155753,3,TurtleCoin
MUN,SkunkHash,PoW,4818338.98949984,16600000.0,-0.17769042039682448,-2.216823149667286,0.5663322893857873,3,MUNcoin
USX,Scrypt,PoW/PoS,234846265.782157,232000000.0,-0.3467246340942895,1.0909694341101444,-0.5165904754642631,0,Unified Society USDEX
NBR,CryptoNight,PoW,133932467.774108,336000000.0,0.31653829932690464,-2.345360330681388,0.3594636989188117,3,Niobio Cash
SSS,Scrypt,PoW,10000000000.0,10000000000.0,0.006870840225145645,-1.0715562705990982,0.022820247208873184,3,ShareChain
TRF,Dagger,PoW,107325266.027783,100000000.0,-0.15399868175422804,-2.221551212248189,0.4082311681616925,3,Travelflex
KREDS,Lyra2REv2,PoW,643795911.540095,1100000000.0,-0.17124456158278087,-1.3614942858178143,0.23910856633974714,3,KREDS
TOKC,X13,PoS,230298925.0,800000000.0,-0.2138645224185317,1.5418443362879943,-0.34881357655284456,0,Tokyo Coin
BBP,Proof-of-BibleHash,POBh,1772091549.88818,5200000000.0,-0.257524136091119,2.5176599239379245,14.286961031700532,1,BiblePay
LCC,SHA-256 + Hive,PoW + Hive,638382332.208514,840000000.0,-0.34881768211120445,3.3867294480660957,20.209963854388455,1,LitecoinCash
FLIP,Scrypt,PoW,12446100.00278,40000000.0,-0.18581873390708456,-1.071070543209788,0.02730775704311392,3,BitFlip
LOT,Scrypt,PoW,14491014421.0,18406979840.0,0.12138659262739623,-1.0736293942550996,0.020520423319825752,3,LottoCoin
CIF,X11,PoW,211297638.500483,500000000.0,-0.2135114364137984,-0.9728333510126774,0.05687072727471555,3,Crypto Improvement Fund
SPD,C11,PoW/PoS,11251342.1879021,19340594.0,-0.3438356949908579,0.9227717383041151,-0.41921860969395225,0,Stipend
POA,Proof-of-Authority,PoA,204479039.0,252460800.0,-0.49087052755711874,2.672756416752018,11.169497605861153,1,Poa Network
PUSHI,X11,PoW/PoS,2167827.1,25000000.0,-0.3844218816225658,1.189339348556761,-0.4868166276446149,0,Pushi
ELP,XEVAN,PoW/PoS,419275.38,60000000.0,-0.2727076051738436,1.3509957558369852,-0.46653380734351296,0,Ellerium
VLX,Scrypt,PoS,25570013.1348022,124000000.0,-0.2995591568104742,0.8874540117126893,-0.20057605221983615,0,Velox
ONT,VBFT,PoS,650848625.0,1000000000.0,-0.27953412412291645,1.5255751985377721,-0.2939184944731389,0,Ontology
CLO,Ethash,PoW,247612453.0,6500000000.0,-0.09137055664956557,-1.9986819153579298,0.3248890524119333,3,Callisto Network
TUBE,CryptoNight,PoW,80049082.9057215,1000000000.0,0.3205908861607209,-2.3456965772766574,0.3594363924744178,3,BitTube
PSD,Scrypt,PoW,4070212.1493016,21000000.0,-0.18605586915091238,-1.0710651089462941,0.027312284639750883,3,Poseidon
ADK,IMesh,PoW,25000000.0,25000000.0,-0.10911779557082102,-2.1593536903746706,0.31711590458208194,3,Aidos Kuneen
BSX,NIST5,PoW/PoS,13787854.6277781,50000000.0,-0.327091530115156,1.5162978354299261,-0.684371624726927,0,Bitspace
BRIA,Scrypt,PoW/PoS,845637.81347436,3000000.0,-0.3512083029781626,1.0909787581519612,-0.5164856491884174,0,Briacoin
IC,Scrypt,PoW/PoS,1182153.5,5000000.0,-0.35119000197867145,1.0909779559599269,-0.5164859198547893,0,Ignition
BTL,Equihash,PoW,71355477.0,70000000.0,-0.11161227970987693,-2.0089499844187184,0.2908247765008305,3,Bitrolium
MEDIC,Scrypt,PoS,267297676.3125,500000000.0,-0.29393815064088225,0.8873785462838389,-0.20069434844800646,0,MedicCoin
ALPS,Lyra2Z,PoW,27340501.6514783,300000000.0,-0.14460827996865439,-2.314635313854168,0.26571527486143287,3,Alpenschillling
BITG,Green Protocol,PoS,9803691.3618195,21000000.0,-0.33779453032725765,1.5999367015998427,-0.015272729700230511,0,Bitcoin Green
DEV,PoS,PoS,21876586.8530324,88000000.0,-0.3293219154991906,1.5777812028171927,-0.012338271227702162,0,Deviant Coin
ABJ,Scrypt,PoW/PoS,9880502.37178894,30000000.0,-0.3509063584027953,1.090969825033697,-0.5164909999166485,0,Abjcoin
SEM,Semux BFT consensus,DPoS,1231147.0,100000000.0,3.887907603107181,1.79275743260032,-0.5284985112401897,0,Semux
FTO,X11,PoW,31801461.1867843,100000000.0,-0.21854238624646533,-0.9727202803285443,0.056967239370213314,3,FuturoCoin
CARE,Quark,PoW/PoS,139739596.506702,200000000.0,-0.372520270452328,1.7076751972683462,-0.5081930902216745,0,Carebit
NZL,PoS,PoS,11075254.0929996,80000000.0,-0.32951064191058577,1.5777804195853893,-0.012333617010925408,0,Zealium
XMC,CryptoNight,PoW,16016864.0,18400000.0,0.3128443358415313,-2.3452601646361506,0.3595310356857426,3,Monero Classic
PROTON,X16R,PoS,4403800.0,45000000.0,-0.2877749890829629,0.7456866649753549,-0.05275876208804549,0,Proton
DEAL,Scrypt,PoW/PoS,1404157529.46026,5121951220.0,-0.29774520393999415,1.0891544022031845,-0.5173831466190673,0,iDealCash
JUMP,NIST5,PoW,21069346.2522598,21000000.0,-0.16222298359358614,-0.6457221285364021,-0.14057184980741091,3,Jumpcoin
INFX,Lyra2RE,PoW,5097689.71077377,26280000.0,-0.1504312535618288,-2.2736848864237307,0.29683403380209944,3,Infinex
XBI,XEVAN,PoS/PoW,10904963.0923455,21000000.0,-0.2134022340026972,0.7770287553160993,-0.15673265681328644,0,Bitcoin Incognito
KEC,Tribus,PoW,795447.0,18000000.0,-0.16234280404425463,-2.1782752710737525,0.40050781513580064,3,KEYCO
HWC,Scrypt,PoS,38706809.466535,26000000.0,-0.30009394102715614,0.8875058271998406,-0.20057398025919917,0,HollyWoodCoin
GIN,Lyra2Z,PoW,6986399.70430446,10500000.0,-0.14691089561908743,-2.3145072244695584,0.26574374266508055,3,GINcoin
PLTC,CryptoNight,PoW,84300.0,600000518.0,0.31677599273111673,-2.345541484840883,0.3594953084112593,3,PlatinCoin
LOKI,CryptoNight Heavy,PoW,19153632.0,150000000.0,0.5926721991191723,-2.2007977329139328,0.34570272782312905,3,Loki
NCP,CryptoNight,PoW,41294520017.0,184000000000.0,2.122481755159399,-2.414696453867917,0.33073321838670877,3,Newton Coin
SIC,Scrypt,PoW/PoS,10200000000.0,10200000000.0,-0.15425198217150268,1.0904704723328296,-0.521070098270584,0,Swisscoin
XT3,Scrypt,PoS,7630000.0154,44000000.0,-0.3003459249407836,0.8874842082045878,-0.20056353356086434,0,Xt3ch
MGD,Jump Consistent Hash,PoW,135862416.039898,168000000.0,-0.16709379498928267,-2.414861769392878,0.37570870831856124,3,MassGrid
VIG,SHA-256D,PoW/PoS,33238183.7225834,100000000.0,-0.3222208618723615,1.9696953586154344,-0.764145363601339,0,TheVig
PLURA,CryptoNight,PoW,560085952.404637,1000000000.0,0.32645587125567826,-2.3454939064748537,0.3592550675310066,3,PluraCoin
EMAR,Scrypt,PoW/PoS,21599339.6728,84000000.0,-0.35038006305413105,1.0909492774607572,-0.5164993024425866,0,EmaratCoin
DKD,X15,PoS,30284196.369129,90000000.0,-0.1680395582923637,1.6812494315885862,-0.3723522154816489,0,Dekado
LYNX,Scrypt,HPoW,77872059787.8998,92000000000.0,2.162878016331708,0.6202316978172095,-0.03961692609339693,0,Lynx
POSQ,Quark,PoS,2716264.95302831,650000000.0,-0.3205131454469221,1.503926829049464,-0.1922460106954684,0,Poseidon Quark
BWS,SHA-256,PoS,57811001.000889,100262205.0,-0.2469243385845746,0.6180883081391793,-0.08020061363123197,0,BitcoinWSpectrum
MUSE,DPoS,PoS,18194936.0,18081806.0,1.021949559787276,1.628070945686869,-0.24055986042957084,0,Muse
XMN,X16R,PoW,8125865.02097646,22075700.0,-0.17339542813950312,-1.2128596135293954,0.1751143000954102,3,Motion
PLUS1,HMQ1725,PoW,8645406.16776286,21000000.0,-0.14654831884665812,-2.3130367413985273,0.5562319575697983,3,PlusOneCoin
AXE,X11,PoW,4993030.69736615,21000000.0,-0.21943041199107505,-0.9726943002025464,0.05698303613093695,3,Axe
TRVC,X16R,PoW/PoS,36923120.6205934,82546564.0,-0.33759989414631714,0.9491607243550143,-0.36870136177779206,0,Trivechain
DTEM,Quark,PoS,7082392.24744494,21000000.0,-0.32492240658154065,1.5042256448400673,-0.19220251222646856,0,Dystem
GIC,Quark,PoW/PoS,5919489.76813523,5151000.0,-0.37553766249012144,1.7077106935112465,-0.508128556516907,0,Giant
PNY,Scrypt,PoS,1042012.45227735,16880000000.0,-0.18097899656699748,0.8795325751931704,-0.20176948154300658,0,Peony Coin
ABS,Lyra2REv2,PoW/PoS,13332617.9413708,52500000.0,-0.35136451823346415,0.80077082426215,-0.30437854544700643,0,Absolute Coin
VITAE,Quark,PoS,66053877.6256106,100000000.0,-0.32364141969265936,1.5042132439046216,-0.19223045797923477,0,Vitae
HEX,Scrypt,PoW,1416663.06600024,22105263.0,-0.18608044805278967,-1.0710667511029655,0.0273132076358649,3,HexCoin
TPC,Scrypt,PoW/PoS,5403802.49590733,1000000000.0,-0.3440791342576445,1.090509964793632,-0.5165589325536281,0,TPCash
WEBC,CryptoNight-V7,PoW,15580199.3087496,1750000000.0,-0.1381680838060488,-2.2478761949982213,0.3823509666485399,3,Webchain
RYO,Cryptonight-GPU,PoW,4890897.0,88188888.0,-0.16192749299985754,-2.206927826164769,0.4938386845844926,3,Ryo
URALS,XEVAN,PoW,14746153.0962884,210000000.0,-0.10648301721056845,-0.8111057456022958,0.0772504582419681,3,Urals Coin
QWC,CryptoNight Heavy,PoW,99553110528.8022,184470000000.0,3.116462831756642,-2.2457984325686455,0.2948757138269465,3,Qwertycoin
ARE,X11,PoS,19269509.94,55000000.0,-0.3335114912123379,0.9858543480420484,-0.1708976196455602,0,ARENON
EUNO,X11,PoW/PoS,30771125.9760867,50000000.0,-0.3838950437370255,1.1893396214687222,-0.486829226428811,0,EUNO
MMO,Scrypt,PoS,107763867.917675,260000000.0,-0.29759004265585837,0.887424503574605,-0.20061686107330376,0,MMOCoin
KETAN,PoS,PoS,9327131.59708692,210000000.0,-0.3286096809817265,1.577718304083448,-0.012342287691868912,0,Ketan
PPAI,SHA-256,PoW,2100000000.0,2100000000.0,-0.09328892923871494,-1.3405523008444744,0.1467572753335295,3,Project Pai
XDNA,Keccak,PoW/PoS,4672513.84432375,366000000.0,-0.3335250143627977,0.9588612513822146,-0.44584849029300483,0,XDNA
PAXEX,X11,PoS,4504639.0,100000000.0,-0.33337262085848895,0.9858268682975645,-0.1708952724539494,0,PAXEX
AZART,X11,PoW,5015881.37315389,25000000.0,-0.21940175375712606,-0.9726961790918709,0.05698274039178334,3,Azart
TSC,Scrypt,PoW/PoS,1059954080.43439,18000000000.0,-0.21058391046882988,1.0829289126573824,-0.5181774770733018,0,ThunderStake
KCASH,SHA-512,Zero-Knowledge Proof,1000000000.0,1000000000.0,-0.654861026123032,1.6227907084227453,-0.2843260111781312,0,Kcash
XCG,X16R,PoW,9753753.61515394,100000000.0,-0.17282268456405733,-1.2128957169653083,0.17510809202357427,3,Xchange
AAC,ECC 256K1,DPOS,1000000000.0,1000000000.0,-0.12714023540910668,2.5289190530831513,9.354869091952198,1,Acute Angle Cloud
CRYP,Equihash,PoW,4235111504.0,7600000000.0,-0.007316862078881421,-2.010747223862807,0.28871151527000527,3,CrypticCoin
BTXC,XEVAN,PoS,6787405.18013774,50000000.0,-0.2222121454525356,1.1475251090017065,-0.15060787386829474,0,Bettex coin
ACM,Lyra2Z,PoW,13634850.0,84000000.0,-0.1463082012799489,-2.314539119368928,0.26573595573271486,3,Actinium
BSV,SHA-256,PoW,17992514.6469233,21000000.0,-0.13347645058728205,-1.340449754064702,0.14769293894275362,3,Bitcoin SV
BITM,XEVAN,Pos,208515864.367343,70000000000.0,0.6451396115824173,0.82197336133422,-0.13745065531720987,0,BitMoney
JMC,X11,PoS,17209923728.3266,0.0,-0.12387006355400645,0.9931381822571066,-0.17738711981662036,0,Junson Ming Chan Coin
FRED,CryptoNight,PoW,1867054873.28397,8080000000.0,0.3926550480809355,-2.348284816490602,0.3582532037844199,3,FREDEnergy
HERB,Quark,PoW/PoS,35312185.7437239,54000000.0,-0.37483197693677117,1.7077000397766127,-0.508143165289197,0,HerbCoin
UMO,Blake,PoW,1578281.31341127,105120001.44,-0.1418835651228197,-2.15549586052086,0.3330115495557635,3,Universal Molecule
LIT,Blake,PoW,15846721.2482747,25228800.0,-0.14227604554410953,-2.1554521170389,0.3330118942651584,3,Lithium
PIRATE,Equihash,PoS,13475920.0,105000000.0,-0.2265678507800746,-0.05043227247192168,0.06297130453966683,0,PirateCash
EXO,Exosis,PoW,406091.925,21000000.0,-0.1432629244848717,-2.2023031458906894,0.33727572937356715,3,Exosis
BLTG,Scrypt,PoW,35284717.173946,120000000.0,-0.18497211570780098,-1.0710986715188568,0.027293388028140495,3,Block-Logic
OWC,Scrypt,PoW/PoS,14777549.3940764,21000000.0,-0.350910380218434,1.0909761417670485,-0.5164922036921001,0,Oduwa
BEAM,Equihash,PoW,35687520.0,262800000.0,-0.11068019279727437,-2.0090560708492085,0.29082441081105703,3,Beam
GALI,Quark,PoW/PoS,18265011.2486006,19035999.0,-0.3752883168505693,1.7077093501877088,-0.5081342164292609,0,Galilel
BTH,Equihash,PoW,25150787.5,30886000.0,-0.11245430299808098,-2.0089510249075184,0.29084503694057445,3,Bithereum
CSPN,Quark,PoS,1934701.67524713,13370000.0,-0.32503943297168914,1.5042270738773342,-0.19220002012468446,0,Crypto Sports
CREDIT,Scrypt,PoW/PoS,30825710000.0296,74800000000.0,0.5560700628453242,1.0686787442269716,-0.5334978641824212,0,Credit
SLC,QuBit,PoW,12925790.4226959,100000000.0,-0.16880196434447925,-1.642455379394254,0.1545524027770262,3,SLICE
DASHP,X11,PoS,715659.44237941,19700000.0,-0.33398862319584816,0.9858631809735593,-0.170888077549984,0,Dash Platinum
NSD,Scrypt,PoW/PoS,20546528.2059957,84000000.0,-0.3503929260735219,1.0909488329654329,-0.5164989047627585,0,Nasdacoin
BEET,XEVAN,PoW/PoS,198938144.363399,500000000.0,-0.2671604497760904,1.3508718311345458,-0.46664037598215713,0,Beetle Coin
TTN,SHA-256D,PoW/PoS,896361168.0,5000000000.0,-0.2769110791960144,1.9677463101317263,-0.7648230991346349,0,Titan Coin
AWR,X11,PoW/PoS,15420234.5389336,420000000.0,-0.3814575354885422,1.1891584506887978,-0.4868499853826741,0,Award
BLAST,SHA-256,PoW,52293836.6277958,64000000.0,-0.1327522897839269,-1.3404555738722554,0.14767689585214708,3,BLAST
XRC,X13,PoW,1170292.5,2100000.0,-0.10782814860267632,-0.41643435886988156,-0.12079693399612922,3,Bitcoin Rhodium
GLT,SHA-256,PoW,84613099.9999955,168000000.0,-0.13161956483407855,-1.3404910306886575,0.1476572230540737,3,GlobalToken
INSN,X11,PoW/PoS,23775960.3207514,30000000.0,-0.3841224043824814,1.1893461108051397,-0.48682514859720905,0,Insane Coin
ALX,DPoS,DPoS,1000000000.0,1000000000.0,3.7297173116617346,1.7565092818350398,-0.43224509265577016,0,ALAX
LDOGE,Scrypt,PoW/PoS,15318887081.0146,35000000000.0,0.08423956282974504,1.080922729877559,-0.5247837300422538,0,LiteDoge
SLR,Scrypt,PoW,55565076.3863525,98100000000.0,0.5104204805261524,-1.1173498191607718,0.020253023448599472,3,SolarCoin
TRK,X11,PoW/PoS,242574105.22384,0.0,-0.3816620195486795,1.1894526510597887,-0.48690564219353155,0,TruckCoin
UFO,NeoScrypt,PoW,3824685012.0,4000000000.0,-0.09739388404625604,-1.6715750486527832,0.21465334316615034,3,UFO Coin
OC,Scrypt,PoW/PoS,3537150.0,200000000.0,-0.34977775048974197,1.0908868840645867,-0.5165008059128923,0,OrangeCoin
BLC,Blake,PoW,23356790.1494191,7000000000.0,-0.09269994504672265,-2.158741974396013,0.3325084297808202,3,BlakeCoin
BITS,Scrypt,PoW/PoS,20576532.0,54256119.0,-0.35060358526087665,1.09096288873677,-0.5164967811715284,0,BitstarCoin
NEOS,SHA-256,PoS,4392258.24647793,21000000.0,-0.24813934356516648,0.6181031772296685,-0.08017474650279947,0,NeosCoin
HYPER,Scrypt,PoW/PoS,9631199.99309942,0.0,-0.35112224719509433,1.0909838838049548,-0.5164887524393024,0,HyperCoin
PINK,X11,PoW/PoS,436353624.490312,500000000.0,-0.37574708274427127,1.1892983973587978,-0.48701472724759626,0,PinkCoin
CESC,Scrypt,PoW,780210700.0,1000000000.0,-0.16962738270422437,-1.071199643060796,0.026948842477193816,3,Crypto Escudo
ADC,Scrypt,PoW/PoS,980732528.97974,10500000000.0,-0.2647625396345865,1.0864364720257622,-0.5176092256052973,0,AudioCoin
NKA,SHA-256,PoW/PoS,17939725045.334,190000000.0,-0.07829897279054147,0.8290737122788899,-0.402889234247367,0,IncaKoin
PIGGY,X11,PoW/PoS,494240666.028571,1000000000.0,-0.37149245040194506,1.1890867700701289,-0.48707248146146953,0,Piggy Coin
CRW,SHA-256,PoW,22986929.0854247,42000000.0,-0.133266439918641,-1.3404575602493078,0.14768954508054474,3,Crown Coin
GEN,Scrypt,PoW/PoS,60000000.0,15000000.0,-0.35040043081817096,1.0909980674189388,-0.5165088549648563,0,Genstake
SMLY,Scrypt,PoW,29583989322.9213,50000000000.0,0.5299342168239535,-1.082173309929348,0.012551684378166908,3,SmileyCoin
MI,Scrypt,PoW/PoS,404316475.545465,400000000.0,-0.3434621641979591,1.0909616656153915,-0.5166665481893279,0,XiaoMiCoin
GRS,Groestl,PoW,73298203.8873662,105000000.0,-0.21222679791108665,-1.3074998168236656,0.20416023569824518,3,Groestlcoin
CPC,X11,PoW/PoS,201364327.427503,208000000.0,-0.3806898009982873,1.1893370484413799,-0.48690500557362215,0,CapriCoin
CLUB,Scrypt,PoW/PoS,103621876.167052,160000000.0,-0.34883872776988295,1.0909480250450148,-0.5165357399677001,0, ClubCoin
RADS,PoS,PoS,3821245.74150193,9000000.0,-0.33010299791923914,1.5778108784835863,-0.012325780782674184,0,Radium
BTA,Scrypt,PoW,5052555.91981545,5000000.0,-0.1861573832879994,-1.0710571400549458,0.02731306200873032,3,Bata
PAK,Scrypt,PoW,69684455.4387001,182000000.0,-0.18411195199120386,-1.0711134203252173,0.027275944000866786,3,Pakcoin
CRB,X11,Proof of Trust,16901016.6609755,16504333.0,-0.3562676595762632,0.7025785135236059,-0.2113518205372581,0,Creditbit 
OK,SHA-256,PoW/PoS,74676064.9488608,105000000.0,-0.29717327433868806,0.8215712484588622,-0.39613494530562776,0,OKCash
LSK,DPoS,DPoS,120012140.0,159918400.0,3.7130056338527906,1.7565343836252503,-0.4318523952288324,0,Lisk
XHI,Scrypt,PoS,10000244677.7002,10008835635.0,-0.10756021165655028,0.8869983343988429,-0.2050533020962197,0,HiCoin
XWC,Scrypt,PoW/PoS,252005564.19257,300000000.0,-0.346032541713139,1.0909445736122694,-0.51660183789965,0,WhiteCoin
FSC,NeoScrypt,PoW/PoS,1120385.00502,60168145.0,-0.3370468590007558,0.49070750794732265,-0.32742003163737815,0,FriendshipCoin
J,Multiple,PoW,3332922.5,2800000.0,-0.1277191707670255,-1.8867034167075873,0.3226425562945909,3,JoinCoin
TRI,X13,PoW/PoS,140777.753365,120000.0,-0.2728401055808395,1.74560287138898,-0.6645968468334691,0,Triangles Coin
VOLLAR,Equihash+Scrypt,PoW,100000000.0,2100000000.0,-0.13975396608048551,-2.3010916701868585,0.4531769882147271,3,Vollar
EOS,DPoS,DPoS,1020544523.0722,0.0,3.722873557782661,1.7569900899107938,-0.4321810760302496,0,EOS
RCC,Ethash,PoW,24487944.0958204,24487944.0,-0.14003886206494393,-1.9957188073959544,0.3254381259247567,3,Reality Clash
OXY,DPoS,DPoS,1122382283.37,0.0,3.7241177891827904,1.7570330856510055,-0.43221954333827634,0,Oxycoin
TCH,SHA-256,PoS,1000000000.0,1000000000.0,-0.2290294543872364,0.6180613018402449,-0.0806210883131193,0,TigerCash
WAVES,Leased POS,LPoS,100000000.0,100000000.0,-0.43421381107757095,3.022963530297842,7.079877583970519,1,Waves
PART,PoS,PoS,9283137.5558676,8634140.0,-0.3300388614137872,1.5778133572206332,-0.012327817649776512,0,Particl
BTT,TRC10,DPoS,989988713439.649,990000000000.0,34.076454415305676,1.6672865139903863,-1.3537877268557938,2,BitTorrent
NXT,PoS,PoS/LPoS,1000000000.0,1000000000.0,-0.3394143635853633,1.7129828226740458,0.310608849870497,0,Nxt
ZEPH,SHA-256,DPoS,1999999995.3056,2000000000.0,2.4790888852802686,0.7464987828202289,-0.27231449119070184,0,ZEPHYR
GAP,Scrypt,PoW/PoS,14931046.1546605,250000000.0,-0.3492838042500819,1.0908680878388561,-0.516508698590655,0,Gapcoin
BDX,CryptoNight,PoW,980222595.0,1400222610.0,0.33442849283336673,-2.345505484239581,0.35906764202514785,3,Beldex
ZEN,Equihash,PoW,7296537.5,21000000.0,-0.1127425811258701,-2.0089538954246255,0.29085249063613955,3,Horizen
XBC,Scrypt,PoS,128326.99633965,1000000.0,-0.30074265351612006,0.8875013427812519,-0.20055761353608914,0,BitcoinPlus
